Source Current = 1e-05A, Gate Voltage = 0.2V, Measurement Time = 10s, Measurement interval = 1s 
Time [s],Source Voltage [V],Gate Current [A],Gate voltage [V]
0,20.0005,2.74181e-07,0.2
1,20.0005,2.0504e-07,0.2
2,20.0004,2.98023e-07,0.2
3,20.0004,2.69413e-07,0.2
4,20.0004,2.94447e-07,0.2
5,20.0004,2.67029e-07,0.2
6,20.0004,2.64645e-07,0.2
7,20.0004,2.6226e-07,0.2
8,20.0004,3.17097e-07,0.2
9,20.0004,2.86102e-07,0.2
