Source Current = 1e-05A, Gate Voltage = 0.2V, Measurement Time = 10s, Measurement interval = 1s 
Time [s],Source Voltage [V],Gate Current [A],Gate Voltage [V]
0,20.0006,3.39746e-07,0.2
1,20.0005,3.00407e-07,0.2
2,20.0005,2.65837e-07,0.2
3,20.0004,2.71797e-07,0.2
4,20.0004,3.17097e-07,0.2
5,20.0004,2.87294e-07,0.2
6,20.0004,3.3617e-07,0.2
7,20.0004,2.86102e-07,0.2
8,20.0004,2.52724e-07,0.2
9,20.0003,3.25441e-07,0.2
