Applied Voltage = N/AV, Current HI = 1e-05A, Current LO = 0A, Interval = 5.0s, Pulse Duration = 0.2s, Measurement Time = 50000s 
Time [s],Voltage [V],Resistance [Ohm]
0.0,0.0499296,5040.74
5.0,0.0504279,5044.08
10.0,0.0504112,5041.46
15.0,0.050416,5045.25
20.0,0.050385,5045.02
25.0,0.0504088,5042.14
30.0,0.0503969,5041.68
35.0,0.0504041,5045.73
40.0,0.0504398,5041.43
45.0,0.0504255,5044.79
