Applied Voltage = N/AV, Current HI = 1e-05A, Current LO = 0A, Interval = 5.0s, Pulse Duration = 0.2s, Measurement Time = 50000s 
Time [s],Voltage [V],Resistance [Ohm]
12:43:47.32,0.0321579,3216.55
12:43:52.11,0.0321317,3215.6
12:43:57.12,0.0321388,3214.65
12:44:02.15,0.0321484,3212.26
12:44:07.17,0.0321555,3215.85
12:44:12.15,0.0321269,3214.4
12:44:17.12,0.0321198,3209.63
12:44:22.19,0.0321364,3217.04
12:44:27.12,0.0321245,3208.45
12:44:32.12,0.0321269,3212.98
12:44:37.13,0.0321031,3212.5
