Applied Voltage = N/AV, Current HI = 1e-05A, Current LO = 0A, Interval = 30000s, Pulse Duration = 200.0s, Measurement Time = 300000s 
Time [s],Voltage [V]
0.0,0.000391006
30.0,0.050838
60.0,0.0508118
90.0,0.0508165
120.0,0.0508332
150.0,0.0508308
180.0,0.0508261
210.0,0.050838
240.0,0.0508332
270.0,0.0508356
300.0,0.0508451
